views,likes,created_at
164500,19600,2026-05-08 14:46:33
181400,18400,2026-05-07 14:05:41
194500,20300,2026-05-06 15:55:43
111100,12300,2026-05-05 15:12:37
332400,34600,2026-05-04 14:07:47
138300,15200,2026-05-02 13:46:49
791200,54700,2026-05-01 13:34:36
362000,36300,2026-04-30 12:51:49
103100,11000,2026-04-29 15:34:49
242200,26800,2026-04-28 15:39:51
428600,40300,2026-04-27 14:35:22
157100,16100,2026-04-26 18:09:41
660400,67800,2026-04-24 16:10:36
158500,16900,2026-04-23 17:20:31
590700,54900,2026-04-21 16:07:31
248500,24400,2026-04-20 14:38:42
863000,71100,2026-04-19 16:19:33
875500,62700,2026-04-18 18:34:52
195200,19400,2026-04-17 14:50:41
892900,76400,2026-04-16 16:25:47
1600000,109000,2026-04-15 14:35:29
534500,55400,2026-04-13 15:25:42
175700,16800,2026-04-12 14:45:53
322800,38700,2026-04-11 16:06:35
339500,32800,2026-04-10 16:19:36
556100,52900,2026-04-08 16:59:53
415400,42600,2026-04-07 18:21:44
834400,77900,2026-04-06 18:26:06
741900,67400,2026-04-05 15:17:05
255200,26900,2026-04-03 16:55:40
994200,88100,2026-04-02 18:10:47
308900,39200,2026-04-01 16:40:27
449000,51700,2026-03-30 15:02:44
583300,62700,2026-03-29 20:36:34
461300,53300,2026-03-29 18:41:13
266200,29400,2026-03-28 14:22:49
751500,69600,2026-03-27 17:44:01
1100000,109100,2026-03-27 15:29:45
1300000,116400,2026-03-26 15:54:04
350500,43200,2026-03-25 17:54:19
155600,17200,2026-03-25 15:46:05
265800,30600,2026-03-24 17:51:40
802100,81800,2026-03-23 15:00:06
2200000,156100,2026-03-22 16:54:28
469800,42200,2026-03-22 13:29:29
2500000,186200,2026-03-21 14:18:46
307900,30700,2026-03-20 15:47:50
364100,37300,2026-03-19 19:50:37
133500,13000,2026-03-19 17:43:35
106200,9969,2026-03-17 19:27:20
337300,38600,2026-03-16 19:24:01
444200,40000,2026-03-15 22:53:14
724500,83500,2026-03-15 18:47:35
1200000,87200,2026-03-14 18:36:46
258900,27600,2026-03-13 13:39:38
855300,92300,2026-03-12 17:46:48
523000,58900,2026-03-11 22:29:16
497500,51200,2026-03-10 19:23:13
1800000,102100,2026-03-09 20:05:28
302100,30300,2026-03-09 17:34:57
176100,20700,2026-03-08 18:43:23
1700000,148500,2026-03-07 18:54:15
565800,60800,2026-03-06 21:46:30
172500,17900,2026-03-06 16:26:16
925600,89900,2026-03-05 19:03:53
4900000,68100,2026-03-04 13:41:20
165900,15600,2026-03-03 18:14:10
524200,39100,2026-03-02 19:14:09
370200,44300,2026-03-01 18:02:35
701700,72500,2026-02-28 21:02:08
1800000,127700,2026-02-26 18:00:11
493000,52100,2026-02-25 17:19:17
58400,3321,2026-02-25 14:47:27
443900,49400,2026-02-24 16:49:00
576200,77800,2026-02-23 16:33:20
311400,38600,2026-02-21 19:01:02
296800,26000,2026-02-20 20:42:05
318100,33700,2026-02-20 00:16:01
254000,39900,2026-02-19 15:22:42
85300,8005,2026-02-18 15:13:28
456900,45100,2026-02-17 16:54:01
613900,51100,2026-02-15 15:59:55
263200,29700,2026-02-14 14:38:14
1500000,172100,2026-02-13 15:19:23
172800,19200,2026-02-12 15:03:25
323000,35200,2026-02-11 14:52:10
394100,45800,2026-02-10 15:24:53
353900,37100,2026-02-09 14:39:53
528900,64900,2026-02-08 20:08:11
226100,19000,2026-02-07 15:18:50
711500,66200,2026-02-06 15:18:33
120100,11400,2026-02-05 19:16:19
946300,85200,2026-02-04 15:44:23
153300,15800,2026-02-03 15:39:38
266100,28200,2026-02-02 16:16:40
191300,20100,2026-02-01 18:34:27
245600,23900,2026-01-31 18:39:31
742500,80300,2026-01-30 16:21:55
593500,59500,2026-01-29 14:39:09
856500,75400,2026-01-28 15:58:06
1500000,92500,2026-01-27 14:52:35
259500,25500,2026-01-25 15:26:37
342800,34100,2026-01-24 16:10:32
583900,64100,2026-01-23 14:57:57
589600,56500,2026-01-22 16:39:18
817300,84900,2026-01-21 15:42:11
298700,27900,2026-01-20 17:12:28
266100,28500,2026-01-19 14:50:22
446400,43500,2026-01-18 15:20:00
705000,58000,2026-01-16 16:28:02
385800,40900,2026-01-16 16:12:17
983100,91100,2026-01-15 15:52:39
472200,44100,2026-01-14 15:24:40
278000,24500,2026-01-13 13:49:52
712400,87800,2026-01-12 15:02:37
225200,21900,2026-01-10 15:09:45
652800,77500,2026-01-09 15:27:20
1400000,111800,2026-01-08 16:13:08
142300,11000,2026-01-07 14:16:28
714300,61700,2026-01-06 15:22:09
